model,family,word,projection,condition,ratio,stable_rank_retained,fro_change,sep_max_base,sep_max_after,peak_retention,sep_mean_base,sep_mean_after,mean_retention,peak_layer_base,peak_layer_after,peak_shifted,peak_layer_shift,level,n_words,min_peak_retention,max_peak_retention,words_peak_up,words_mean_up,peak_shifts
llama-7b,llama,bat,v_proj,truncate,0.8,0.800319421631662,0.1048249690514689,0.0546463131904602,0.0186378359794616,0.3410630084870076,0.0361934825778007,0.0121728293597698,0.33632655640703707,24.0,26.0,True,2.0,cell,,,,,,
llama-7b,llama,club,v_proj,truncate,0.8,0.800319421631662,0.1048249690514689,0.0928869247436523,0.0295476913452148,0.3181038819700404,0.0607597529888153,0.0189511757344007,0.3119034361099073,22.0,24.0,True,2.0,cell,,,,,,
llama-7b,llama,pupil,v_proj,truncate,0.8,0.800319421631662,0.1048249690514689,0.0657908916473388,0.0222494006156921,0.33818360047400386,0.0425832718610763,0.0148972058668732,0.349837042007337,18.0,18.0,False,0.0,cell,,,,,,
llama-2-7b,llama,bat,v_proj,truncate,0.8,0.8003264383625839,0.1048456146342824,0.0550177097320556,0.0,0.0,0.0341247208416461,-0.0016687385505065,-0.04890116341904129,26.0,0.0,True,-26.0,cell,,,,,,
llama-2-7b,llama,club,v_proj,truncate,0.8,0.8003264383625839,0.1048456146342824,0.0781333446502685,0.0003145337104797,0.004025601513509752,0.0500010550022125,-0.0004872173885814,-0.00974414216979704,32.0,1.0,True,-31.0,cell,,,,,,
llama-2-7b,llama,pupil,v_proj,truncate,0.8,0.8003264383625839,0.1048456146342824,0.0860605239868164,0.000242531299591,0.002818148070166913,0.0517454296350479,-0.0005610458902083,-0.010842424039480693,12.0,1.0,True,-11.0,cell,,,,,,
llama-3-8b,llama,bat,v_proj,truncate,0.8,0.800517171995054,0.1051493506271346,0.0764225721359252,0.0061787366867065,0.08084963007679194,0.0515148863196373,0.0040435972623527,0.07849376270119603,23.0,8.0,True,-15.0,cell,,,,,,
llama-3-8b,llama,club,v_proj,truncate,0.8,0.800517171995054,0.1051493506271346,0.1032649278640747,0.0076915621757507,0.07448378006785547,0.0649633556604385,0.0044022002257406,0.0677643600917226,23.0,13.0,True,-10.0,cell,,,,,,
llama-3-8b,llama,pupil,v_proj,truncate,0.8,0.800517171995054,0.1051493506271346,0.1361401081085205,0.0142291188240051,0.10451819835975693,0.0965799018740654,0.0083016483113169,0.0859562719595819,11.0,10.0,True,-1.0,cell,,,,,,
llama-3.1-8b,llama,bat,v_proj,truncate,0.8,0.8005914622591059,0.1051001828315244,0.0639799833297729,0.00663822889328,0.10375477685051099,0.043410524725914,0.0034051248803734,0.0784400764992528,23.0,32.0,True,9.0,cell,,,,,,
llama-3.1-8b,llama,club,v_proj,truncate,0.8,0.8005914622591059,0.1051001828315244,0.0892992615699768,0.0087180733680725,0.09762760872597845,0.0556442141532897,0.0054982937872409,0.09881159920947216,23.0,13.0,True,-10.0,cell,,,,,,
llama-3.1-8b,llama,pupil,v_proj,truncate,0.8,0.8005914622591059,0.1051001828315244,0.1377112865447998,0.0202947854995727,0.1473719838712745,0.0925602614879608,0.0117213996127247,0.1266353338278899,11.0,10.0,True,-1.0,cell,,,,,,
qwen-7b,qwen,bat,v_proj,truncate,0.8,0.8002522475043254,0.1048393773243167,0.0403764247894287,0.0409424901008605,1.0140196987322168,0.0233441404998302,0.0240086261183023,1.0284647712121564,26.0,26.0,False,0.0,cell,,,,,,
qwen-7b,qwen,club,v_proj,truncate,0.8,0.8002522475043254,0.1048393773243167,0.0473791360855102,0.0531406998634338,1.121605505164237,0.0296425763517618,0.0306860599666833,1.035202190340634,26.0,32.0,True,6.0,cell,,,,,,
qwen-7b,qwen,pupil,v_proj,truncate,0.8,0.8002522475043254,0.1048393773243167,0.0776764154434204,0.0648934245109558,0.8354327905131546,0.0488840080797672,0.0436336994171142,0.8925966002197339,26.0,12.0,True,-14.0,cell,,,,,,
qwen1.5-7b,qwen,bat,v_proj,truncate,0.8,0.8002319686715829,0.104832758791356,0.0456014275550842,0.0460742115974426,1.0103677465313405,0.0283812116831541,0.0289168450981378,1.018872817022877,26.0,26.0,False,0.0,cell,,,,,,
qwen1.5-7b,qwen,club,v_proj,truncate,0.8,0.8002319686715829,0.104832758791356,0.0729467868804931,0.0619528889656066,0.8492887982455276,0.0455102063715457,0.0350522138178348,0.7702055563463772,32.0,32.0,False,0.0,cell,,,,,,
qwen1.5-7b,qwen,pupil,v_proj,truncate,0.8,0.8002319686715829,0.104832758791356,0.0932620763778686,0.0795055031776428,0.8524955294316149,0.0614087134599685,0.0499337539076805,0.8131379261060668,17.0,13.0,True,-4.0,cell,,,,,,
qwen2-7b,qwen,bat,v_proj,truncate,0.8,0.8007051546327557,0.1050887373614526,0.057393193244934,0.0246245861053466,0.42905063672372284,0.0327594839036464,0.0143858417868614,0.43913517774497474,24.0,15.0,True,-9.0,cell,,,,,,
qwen2-7b,qwen,club,v_proj,truncate,0.8,0.8007051546327557,0.1050887373614526,0.0827469825744628,0.0245225429534912,0.29635573637290913,0.0409735105931758,0.0134979775175452,0.3294318041616212,28.0,7.0,True,-21.0,cell,,,,,,
qwen2-7b,qwen,pupil,v_proj,truncate,0.8,0.8007051546327557,0.1050887373614526,0.1093809008598327,0.0584536790847778,0.5344048058233117,0.0708292201161384,0.0343793742358684,0.4853840573070926,13.0,7.0,True,-6.0,cell,,,,,,
qwen2.5-7b,qwen,bat,v_proj,truncate,0.8,0.8007460809656536,0.1050751736504594,0.053409457206726,0.0227468609809875,0.4258957527492514,0.0305999461561441,0.0135752987116575,0.4436379934260683,13.0,11.0,True,-2.0,cell,,,,,,
qwen2.5-7b,qwen,club,v_proj,truncate,0.8,0.8007460809656536,0.1050751736504594,0.0622094273567199,0.0223553776741027,0.3593567506402686,0.0324832685291767,0.0115515729412436,0.3556160898915667,23.0,10.0,True,-13.0,cell,,,,,,
qwen2.5-7b,qwen,pupil,v_proj,truncate,0.8,0.8007460809656536,0.1050751736504594,0.1060331463813781,0.0543513298034668,0.5125881071941119,0.0661382004618644,0.0314774960279464,0.4759351752561891,15.0,7.0,True,-8.0,cell,,,,,,
qwen3-8b,qwen,bat,v_proj,truncate,0.8,0.8005113958468197,0.1051670959463128,0.0538783073425293,0.0654858946800232,1.215440831570656,0.0319369211792945,0.0346934087574481,1.0863103729592036,18.0,30.0,True,12.0,cell,,,,,,
qwen3-8b,qwen,club,v_proj,truncate,0.8,0.8005113958468197,0.1051670959463128,0.0480070710182189,0.0435975193977355,0.9081478722413631,0.0301206950098276,0.0274171698838472,0.9102436007835041,18.0,31.0,True,13.0,cell,,,,,,
qwen3-8b,qwen,pupil,v_proj,truncate,0.8,0.8005113958468197,0.1051670959463128,0.1070631146430969,0.0813198387622833,0.7595504673422702,0.0608725808560848,0.048555914312601,0.7976647881481662,18.0,31.0,True,13.0,cell,,,,,,
llama-7b,llama,,,,,0.800319421631662,,,,0.33245016364368396,,,0.33268901150809377,,,,,model,3.0,0.3181038819700404,0.3410630084870076,0.0,0.0,2.0
llama-2-7b,llama,,,,,0.800326438362584,,,,0.0022812498612255552,,,-0.023162576542773008,,,,,model,3.0,0.0,0.004025601513509752,0.0,0.0,3.0
llama-3-8b,llama,,,,,0.800517171995054,,,,0.08661720283480145,,,0.0774047982508335,,,,,model,3.0,0.07448378006785547,0.10451819835975693,0.0,0.0,3.0
llama-3.1-8b,llama,,,,,0.8005914622591059,,,,0.11625145648258799,,,0.10129566984553828,,,,,model,3.0,0.09762760872597845,0.1473719838712745,0.0,0.0,3.0
qwen-7b,qwen,,,,,0.8002522475043254,,,,0.9903526648032028,,,0.9854211872575082,,,,,model,3.0,0.8354327905131546,1.121605505164237,2.0,2.0,2.0
qwen1.5-7b,qwen,,,,,0.8002319686715827,,,,0.9040506914028277,,,0.8674054331584403,,,,,model,3.0,0.8492887982455276,1.0103677465313405,1.0,1.0,1.0
qwen2-7b,qwen,,,,,0.8007051546327557,,,,0.41993705963998124,,,0.4179836797378962,,,,,model,3.0,0.29635573637290913,0.5344048058233117,0.0,0.0,3.0
qwen2.5-7b,qwen,,,,,0.8007460809656536,,,,0.4326135368612107,,,0.4250630861912747,,,,,model,3.0,0.3593567506402686,0.5125881071941119,0.0,0.0,3.0
qwen3-8b,qwen,,,,,0.8005113958468199,,,,0.9610463903847631,,,0.9314062539636246,,,,,model,3.0,0.7595504673422702,1.215440831570656,1.0,1.0,3.0
